{
    "title": "My Script Caller",
    "icon": {
        "file": "icons/icon-16.png"
    },
    "menu": [
        {
            "title": "View HTML source of DOM",
            "matches": "http://,https://",
            "injectionScript": "var o=new XMLSerializer();\r\nw=window.open();\r\nd=w.document;\r\nd.open();\r\nd.write(o.serializeToString(document.documentElement).replace(/&/g, '&amp;').replace(/</g, '&lt;').replace(/>/g, '&gt;').replace(/\"/g,'&quot;'));\r\nd.close();\r\n\r\n",
            "nativeScript": ""
        },
        {
            "title": "Google",
            "matches": "https://www.google.com",
            "injectionScript": "alert(\"sample of injection code\");",
            "nativeScript": ""
        },
        {
            "title": "Show Title in Command Prompt",
            "matches": "http://,https://",
            "injectionScript": "// Injection Code\r\n//\r\n// Object returned by IIFE will be passed to Native code\r\n// If the returned object have \"error\" key, it is handled as error.\r\n\r\n(function() { // IIFE (Immediately Invoked Function Expression) \r\n    try {\r\n        var title = document.querySelector(\"title\");\r\n        if( title ) {\r\n            return {title: title.innerHTML}\r\n        } else {\r\n            return {title: \"failed to get title\" }\r\n        }\r\n    } catch(err) {\r\n        // when error, return object should have \"error\" key\r\n        return {error:err.name, message:err.message, stack:err.stack}\r\n    }\r\n})();\r\n",
            "nativeScript": "// Native Code\n//\n// function main should be defined\n// argument of main is the value returned by injection code\n// return value from main will be passed to caller in the browser extension\n\nconst execFile = require('child_process').execFile;\n\n//exports.main = function(injectionCodeResults) {\nfunction NativeScriptFunction(injectionCodeResults) {\n\n    let d = injectionCodeResults[0].title.toString().replace(/[&:|\"'\\r\\n]/g, \" \");\n    execFile('cmd',  ['/c', 'start', 'cmd', '/c', `echo Title = ${d} & pause`]);\n    \n    //execFile('cmd',  ['/c', 'start', 'powershell', '-c', 'echo xxx; Read-Host \"Hit Return\"']);\n    //execFile('notepad.exe');\n   \n    return {result:\"success\"};  // return to browser extension\n}\n"
        }
    ]
}