
{
    "title": "Script Caller - sample",
    "icon": "icons/icon-16.png",
    "menu": [
        {
            "title": "Show Title in Command Prompt",
            "matches": ["http://", "https://"],
            "injectionScript":"injectionCode_title.js",
            "nativeScript":"nativeCode_title.js"
        }, 
        {
            "title": "Google",
            "matches": ["https://www.google.com"],
            "injectionScript":"injectionCode_google.js"
        }
    ]
}
